{
    "test_installation": {
        "status": "INSTALLED",
        "environment": {
            "test_identifier": "pts\/hpl-1.0.0",
            "test_version": "1.0.0",
            "install_checksum": "2b5ddc217124cd917c3ec75d1981e762",
            "system_hash": "QXBwbGVfX1VidW50dSAyNS4wNF9fR0NDIDE0LjIuMF9f",
            "compiler_data": {
                "compiler-type": "CC",
                "compiler": "gcc",
                "compiler-options": "-O2 -lopenblas -lm -lmpi"
            },
            "install_footnote": null
        },
        "history": {
            "install_date_time": "2025-07-09 11:41:26",
            "last_run_date_time": "2025-07-14 17:00:37",
            "install_time_length": 3,
            "times_run": 2,
            "average_runtime": 168,
            "latest_runtime": 186,
            "per_run_times": {
                "all": {
                    "values": [
                        58,
                        54
                    ],
                    "total_times": 2,
                    "avg": 56
                },
                "e37e2bc46e2e4f03d590b439ac1174f59c7cb7fb": {
                    "values": [
                        58,
                        54
                    ],
                    "total_times": 2,
                    "avg": 56
                }
            }
        }
    }
}